chain_id	model_seq_position	final_resseq	final_icode	uniprot_resseq	source_category
A	1	1		1	modeled_gap
A	2	2		2	modeled_gap
A	3	3		3	modeled_gap
A	4	4		4	modeled_gap
A	5	5		5	modeled_gap
A	6	6		6	modeled_gap
A	7	7		7	modeled_gap
A	8	8		8	modeled_gap
A	9	9		9	modeled_gap
A	10	10		10	modeled_gap
A	11	11		11	modeled_gap
A	12	12		12	modeled_gap
A	13	13		13	modeled_gap
A	14	14		14	modeled_gap
A	15	15		15	modeled_gap
A	16	16		16	modeled_gap
A	17	17		17	modeled_gap
A	18	18		18	modeled_gap
A	19	19		19	modeled_gap
A	20	20		20	modeled_gap
A	21	21		21	modeled_gap
A	22	22		22	modeled_gap
A	23	23		23	modeled_gap
A	24	24		24	modeled_gap
A	25	25		25	modeled_gap
A	26	26		26	modeled_gap
A	27	27		27	modeled_gap
A	28	28		28	modeled_gap
A	29	29		29	modeled_gap
A	30	30		30	modeled_gap
A	31	31		31	modeled_gap
A	32	32		32	modeled_gap
A	33	33		33	modeled_gap
A	34	34		34	modeled_gap
A	35	35		35	modeled_gap
